epoch,train_loss,train_acc,val_loss,val_acc,dist_loss,card_reg,k_eff_total,c_total,tau,lambda1,lambda2,compiled_acc
0,2.2113864761132462,16.500400641025642,2.1348144931793214,18.32,2433.3784001668296,2044.456275353065,2128,2128,4.0,0.0,0.0,
1,2.061860005977826,19.517227564102566,2.0570173551559447,18.65,2649.665288211138,2044.497097230569,2128,2128,4.0,0.0,0.0,
2,1.9697909547732426,21.342147435897434,1.9007008722305299,24.31,2762.2113112229567,2044.5554158528646,2128,2128,4.0,0.0,0.0,
3,1.911506148790702,23.74198717948718,1.8813260234832763,24.27,2860.1416491386217,2044.6397623697917,2128,2128,4.0,0.0,0.0,
4,1.8642200619746476,26.532451923076923,1.9104703414916993,25.7,2849.580876903045,2044.7151739658455,2128,2128,4.0,0.0,0.0,
5,1.7888899439420456,30.42267628205128,1.707658014678955,35.4,2786.9295497796475,2044.7994143755009,2128,2128,4.0,0.0,0.0,
6,1.6754348825185728,35.759214743589745,1.6969452335357667,35.58,2668.293987880609,2044.9054005158252,2128,2128,4.0,0.0,0.0,
7,1.6098399229538747,39.04246794871795,1.682269062423706,38.42,2563.7146809895835,2045.006998384916,2128,2128,4.0,0.0,0.0,
8,1.561431010869833,41.57451923076923,1.669117751312256,39.91,2469.270467122396,2045.1178469926883,2128,2128,4.0,0.0,0.0,
9,1.4989175276878552,44.43910256410256,1.5798812700271607,42.71,2313.185413536659,2045.243137144431,2128,2128,4.0,0.0,0.0,10.0
10,1.4506205971424395,46.330128205128204,1.4524016340255737,47.43,2157.0785857371793,2045.3694354717547,2128,2128,4.0,0.0,0.0,
11,1.4079226282926707,48.38942307692308,1.473140502166748,46.0,2005.6754037710336,2045.5121049929887,2128,2128,4.0,0.0,0.0,
12,1.3670816907515893,49.889823717948715,1.4043610513687135,48.05,1845.7971247746393,2045.660385992588,2128,2128,4.0,0.0,0.0,
13,1.3268691078210488,51.7568108974359,1.6076528686523437,46.13,1663.3546806139823,2045.815447215545,2128,2128,4.0,0.0,0.0,
14,1.2876210069045042,53.3974358974359,1.2289794143676758,55.0,1506.6406819661458,2045.9724947415866,2128,2128,4.0,0.0,0.0,
15,1.2396829667763831,54.75761217948718,1.2802403087615968,54.25,1343.0122201772836,2046.1415051582533,2128,2128,4.0,0.0,0.0,
16,1.199283290673525,56.80288461538461,1.2724962509155273,54.33,1204.1400155874398,2046.3212117513021,2128,2128,4.0,0.0,0.0,
17,1.1577972965362744,58.35336538461539,1.2588117378234864,54.88,1108.1960658929286,2046.506660970052,2128,2128,4.0,0.0,0.0,
18,1.1313702820203244,59.65945512820513,1.2634702615737916,56.75,1003.1823941744291,2046.686009803185,2128,2128,4.0,0.0,0.0,
19,1.0986522706655355,60.61298076923077,1.2968648597717285,54.81,902.302783985627,2046.8663483448518,2128,2128,4.0,0.0,0.0,10.0
20,1.0729561740007156,61.67467948717949,1.3355634793281554,54.58,799.3193288949819,2047.037775753706,2128,2128,4.09685212125179,0.0,0.0,
21,1.0419425794711479,62.51201923076923,1.0381892545700073,63.35,726.1789137620192,2047.2122865334536,2128,2128,4.196307402065042,0.0,0.0,
22,1.019270197703288,63.259214743589745,1.1008794883728028,61.26,668.4448462853065,2047.3849559294872,2128,2128,4.2981770616717885,0.0,0.0,
23,0.9946448468244993,64.61738782051282,1.27760789270401,55.66,602.5910819811699,2047.5453438000802,2128,2128,4.4025197115898,0.0,0.0,
24,0.9762756552451696,65.06810897435898,1.0208490026474,63.99,558.8620646158854,2047.7059792543068,2128,2128,4.509395386191462,0.0,0.0,
25,0.9543147036662468,65.94951923076923,1.0300934354782105,63.99,516.4595088860927,2047.8573301657652,2128,2128,4.61886557724503,0.0,0.0,
26,0.932003393692848,66.90504807692308,1.0383761130332947,64.18,472.385001940605,2048.006552358774,2128,2128,4.730993269294409,0.0,0.0,
27,0.9283196168068127,67.25560897435898,1.0050675784111023,64.49,432.8861679468399,2048.145707507011,2128,2128,4.845842975897805,0.0,0.0,
28,0.9103396302614457,67.80048076923077,1.265991409778595,58.39,398.5037081204928,2048.2919389773638,2128,2128,4.963480776746125,0.0,0.0,
29,0.8914441512181208,68.27323717948718,1.057155854511261,63.82,370.0806608542418,2048.425593449519,2128,2128,5.0839743556824395,0.0,0.0,10.0
30,0.8700355086571131,68.92227564102564,1.153265563774109,60.28,341.27386185083634,2048.5532345502806,2128,2128,5.207393039644424,0.0,0.0,
31,0.8601358763682536,69.5332532051282,0.9688593458175659,66.26,319.38700600648536,2048.6968668619793,2128,2128,5.333807838552166,0.0,0.0,
32,0.8470648132837736,70.12620192307692,0.882253424358368,69.25,302.8495229085286,2048.82483598758,2128,2128,5.463291486164284,0.0,0.0,
33,0.8292896758287381,70.39463141025641,0.8979937527656555,68.75,282.1931351099259,2048.9629920372595,2128,2128,5.595918481925872,0.0,0.0,
34,0.8164326997903677,71.27403846153847,0.8441365429878235,70.73,268.70496419270836,2049.1036564753604,2128,2128,5.731765133832347,0.0,0.0,
35,0.8022482187320025,71.796875,1.0099096882820129,65.7,249.65066332694812,2049.238109725561,2128,2128,5.870909602333864,0.0,0.0,
36,0.7853749536550962,72.51802884615384,0.8465681768417358,70.18,235.9782469138121,2049.3701966897033,2128,2128,6.013431945305549,0.0,0.0,
37,0.7696624422684694,72.70633012820512,0.9234227125167846,68.47,222.64400861691206,2049.5030598958333,2128,2128,6.1594141641094335,0.0,0.0,
38,0.760451069015723,73.29527243589743,0.8025618194580079,71.88,212.39922864865034,2049.6312337239583,2128,2128,6.3089402507745875,0.0,0.0,
39,0.7401283109799409,74.03044871794872,0.8079757946968079,71.93,201.8263180463742,2049.7576998197114,2128,2128,6.462096236322607,0.0,0.0,11.08
40,0.7323324117140892,74.20873397435898,0.8478068702697754,71.37,189.15675843067658,2049.882190254407,2128,2128,6.6189702402662345,0.0,0.0,
41,0.7139592740780268,74.85376602564102,0.8502937666893006,71.14,176.48175397041516,2050.0106927333736,2128,2128,6.779652521309635,0.0,0.0,
42,0.7023913906934934,75.16826923076923,0.7485031391143799,74.54,167.625361711551,2050.144512469952,2128,2128,6.944235529279443,0.0,0.0,
43,0.6885741005341212,75.99559294871794,0.8360138677597045,71.86,163.5115948799329,2050.2706474108572,2128,2128,7.11281395831652,0.0,0.0,
44,0.6757517158985138,76.18990384615384,0.804453757762909,72.58,151.9802987514398,2050.401665164263,2128,2128,7.285484801358965,0.0,0.0,
45,0.6614304531843235,76.84695512820512,0.7043558482170105,75.64,146.83265646910056,2050.5327311197916,2128,2128,7.462347405947785,0.0,0.0,
46,0.6461881794226475,77.3858173076923,0.8470426759719849,72.31,141.39919198843148,2050.660598833133,2128,2128,7.643503531387284,0.0,0.0,
47,0.6307775649504784,77.70833333333333,0.7806881265640259,74.46,134.6145492553711,2050.7895201071715,2128,2128,7.8290574072930905,0.0,0.0,
48,0.6219355444877576,78.17708333333333,0.7608272953033447,74.67,127.68216153658354,2050.9167787209535,2128,2128,8.019115793561495,0.0,0.0,
49,0.6087029656538596,78.77403846153847,0.7797224612236023,74.47,122.07509415455354,2051.0434889573316,2128,2128,8.213788041794595,0.0,0.0,20.96
50,0.5931452658696053,79.31891025641026,0.6851794384002685,77.99,114.5804798419659,2051.1764829977965,2128,2128,8.413186158216623,0.0,0.0,
51,0.5817874959646128,79.64142628205128,0.6435640425682068,78.87,109.33023744240785,2051.3028370392626,2128,2128,8.61742486811761,0.0,0.0,
52,0.5690935866190837,80.24238782051282,0.6323549479484558,78.68,105.17203821035532,2051.4352182241587,2128,2128,8.826621681861491,0.0,0.0,
53,0.5555512722486105,80.7011217948718,0.6451586359024047,78.27,102.37521158854166,2051.566754306891,2128,2128,9.040896962496623,0.0,0.0,
54,0.5438280340188589,81.20592948717949,0.6464608977317811,78.86,99.23223481789613,2051.6955522586136,2128,2128,9.260373995007628,0.0,0.0,
55,0.5314620280112976,81.49439102564102,0.5916288746833801,80.04,96.74904100466998,2051.8311598557693,2128,2128,9.48517905724839,0.0,0.0,
56,0.5249592058933699,81.74278846153847,0.5965139448165894,79.9,93.30889471983298,2051.962550080128,2128,2128,9.71544149259701,0.0,0.0,
57,0.5070547492840352,82.1494391025641,0.69736153049469,77.35,91.19053962903145,2052.0952092097355,2128,2128,9.951293784374558,0.0,0.0,
58,0.5003292659154305,82.66225961538461,0.8143188158988952,74.78,88.86466123140775,2052.2157627203524,2128,2128,10.192871632070396,0.0,0.0,
59,0.48893144444013253,83.12900641025641,0.5333014843940734,81.94,88.75532085712139,2052.3899501702726,2128,2128,10.440314029417955,0.0,0.0,50.28
60,0.47845085981564645,83.52964743589743,0.5887828984260559,80.78,88.22970575185923,2052.553084309896,2128,2128,10.693763344365895,0.0,0.0,
61,0.4684449344109266,83.7920673076923,0.610825476360321,80.54,87.08761361929086,2052.6931678185097,2128,2128,10.95336540099063,0.0,0.0,
62,0.46172697368340615,83.99639423076923,0.5139223001480102,82.88,85.02786311614207,2052.812617688301,2128,2128,11.219269563397347,0.0,0.0,
63,0.4523468868854718,84.24479166666667,0.5455840912818909,81.84,81.64751395201071,2052.953967598157,2128,2128,11.491628821657887,0.0,0.0,
64,0.43868170365309106,84.70352564102564,0.6050574295997619,80.55,78.9199563637758,2053.0894837990786,2128,2128,11.770599879834723,0.0,0.0,
65,0.43135094260558104,85.12419871794872,0.529542677116394,82.43,79.03986102373172,2053.220067107372,2128,2128,12.056343246141946,0.0,0.0,
66,0.42169027007543125,85.23838141025641,0.5257477517127991,82.78,80.09897826757187,2053.345381986178,2128,2128,12.34902332529492,0.0,0.0,
67,0.41701380071731714,85.36658653846153,0.5678242274284363,81.8,78.32476485814804,2053.4750801282053,2128,2128,12.64880851310182,0.0,0.0,
68,0.40514873613913854,86.0136217948718,0.5188531394958497,82.72,75.14851494813577,2053.6184920873397,2128,2128,12.955871293351553,0.0,0.0,
69,0.4004093136160802,86.10576923076923,0.48208629894256594,84.64,72.6542822617751,2053.7377353766024,2128,2128,13.270388337053609,0.0,0.0,74.61
70,0.38788683808002716,86.484375,0.5663563611030579,82.3,71.19610615265675,2053.8392765925482,2128,2128,13.592540604087178,0.0,0.0,
71,0.3870550127747731,86.46634615384616,0.4730516989707947,84.74,70.03086056831556,2053.967549954928,2128,2128,13.92251344731784,0.0,0.0,
72,0.37285514932412367,87.03926282051282,0.5249266444206238,83.34,69.66590055808042,2054.0984362479967,2128,2128,14.260496719241782,0.0,0.0,
73,0.3689110713509413,87.11738782051282,0.48592334327697756,84.24,69.17168289575821,2054.1890556139824,2128,2128,14.606684881219007,0.0,0.0,
74,0.36085466478879635,87.37179487179488,0.5229399134635925,83.32,68.54738235473633,2054.29539450621,2128,2128,14.961277115358133,0.0,0.0,
75,0.35383645918888923,87.64623397435898,0.4855776217460632,84.18,67.34763410519331,2054.4183938050883,2128,2128,15.324477439117477,0.0,0.0,
76,0.3449621315950002,87.98477564102564,0.5088933584213257,84.24,67.22403100820688,2054.5110245142228,2128,2128,15.696494822688074,0.0,0.0,
77,0.34082930649702364,88.06290064102564,0.4410475761413574,85.77,66.57692892612555,2054.634495192308,2128,2128,16.077543309226364,0.0,0.0,
78,0.3380220998938267,88.29927884615384,0.4558758816719055,85.42,65.6522934351212,2054.7745787009217,2128,2128,16.467842138005604,0.0,0.0,
79,0.32651863315930735,88.54166666666667,0.6201245597839355,81.79,64.82677491016877,2054.8919345953527,2128,2128,16.867615870556918,0.0,0.0,78.33
80,0.32128113913230405,88.78205128205128,0.4595848846435547,85.41,64.52197445600461,2055.021451822917,2128,2128,17.27709451987261,0.0,0.0,
81,0.32175393815223985,88.54967948717949,0.4957414126396179,84.6,64.23005135365021,2055.1584197215543,2128,2128,17.696513682745888,0.0,0.0,
82,0.3126513699690501,89.06650641025641,0.5622096766471862,82.96,64.20517003964156,2055.2625381860976,2128,2128,18.126114675323382,0.0,0.0,
83,0.30336373784603216,89.36498397435898,0.45637801094055175,85.04,64.17900661566318,2055.3141063201124,2128,2128,18.56614467194837,0.0,0.0,
84,0.30488260823946733,89.35496794871794,0.4222589324951172,86.92,64.29708923926721,2055.3205334785657,2128,2128,19.016856847374378,0.0,0.0,
85,0.29723864736465305,89.5693108974359,0.4364232347488403,86.44,63.18644570570726,2055.2682535807294,2128,2128,19.47851052243139,0.0,0.0,
86,0.2939600443992859,89.52323717948718,0.441613698387146,86.22,62.74857434981909,2055.345286833934,2128,2128,19.9513713132281,0.0,0.0,
87,0.28695618693645186,89.81570512820512,0.499188946723938,84.97,62.74094414344201,2055.3921881260017,2128,2128,20.435711283976225,0.0,0.0,
88,0.28598893984006,90.02804487179488,0.5118963746070861,84.6,63.35621902270195,2055.4709034455127,2128,2128,20.931809103524905,0.0,0.0,
89,0.27733278152270197,90.28245192307692,0.5017414064407348,84.26,63.05065816243489,2055.5414506961138,2128,2128,21.439950205694913,0.0,0.0,82.06
90,0.27406853574972884,90.46875,0.41160245180130006,87.09,62.6742117368258,2055.720016401242,2128,2128,21.96042695350537,0.0,0.0,
91,0.27063156589865683,90.48677884615384,0.5087143508911133,85.46,62.2872499417036,2055.5594494941906,2128,2128,22.493538807387086,0.0,0.0,
92,0.2682597531149021,90.68309294871794,0.44501246690750124,86.72,62.158532558343346,2055.4304793920273,2128,2128,23.03959249747948,0.0,0.0,
93,0.26372530055351745,90.65504807692308,0.3919431021690369,87.86,61.59062289702587,2055.512334735577,2128,2128,23.59890220011028,0.0,0.0,
94,0.25756860465193404,90.95953525641026,0.44380196933746335,86.51,60.71007012587327,2055.3907282902646,2128,2128,24.171789718559268,0.0,0.0,
95,0.25186064480206904,91.27804487179488,0.4329384029388428,86.72,60.15988965156751,2055.566012494992,2128,2128,24.758584668210418,0.0,0.0,
96,0.2537106293325241,91.16586538461539,0.4415094437599182,86.78,59.97801209474221,2055.5302853315306,2128,2128,25.359624666198705,0.0,0.0,
97,0.24636030714863386,91.38221153846153,0.44763150568008425,86.26,59.873849056928584,2055.643202248598,2128,2128,25.97525552566082,0.0,0.0,
98,0.24504565231693096,91.35416666666667,0.4039148199081421,87.24,60.01315809396597,2055.68745304988,2128,2128,26.605831454701487,0.0,0.0,
99,0.23817112780152222,91.62660256410257,0.4176530693054199,87.34,59.545582932692305,2055.692554962941,2128,2128,27.25171526018989,0.0,0.0,86.84
100,0.23810523884036602,91.61458333333333,0.4358753960609436,86.52,60.13262221507537,2055.514571439303,2127,2128,27.913278556503546,0.0,0.0,
101,0.23320505471947867,91.71875,0.4261725337982178,87.0,60.099146485940004,2054.6213009565304,2127,2128,28.590901979339538,0.0,0.0,
102,0.23173736788523502,91.78285256410257,0.3997236186027527,88.06,60.06531007228754,2054.6111634865783,2127,2128,29.284975404716324,0.0,0.0,
103,0.2257027899225553,91.92708333333333,0.47564102840423583,85.99,60.076257891532705,2054.279110952524,2127,2128,29.995898173291938,0.0,0.0,
104,0.22555226849821897,92.0673076923077,0.4681602604866028,86.51,60.10794786306528,2054.090790264423,2126,2128,30.72407932012787,0.0,0.0,
105,0.2239563748622552,92.04727564102564,0.6001526416778564,83.79,60.72325148949256,2053.0601537459934,2124,2128,31.46993781003067,0.0,0.0,
106,0.22014821494619052,92.19150641025641,0.4007329110145569,88.46,61.449747887635844,2052.717879231771,2125,2128,32.23390277860656,0.0,0.0,
107,0.21853555706449043,92.23758012820512,0.4027904641151428,88.28,60.30276078444261,2052.5954790164265,2123,2128,33.01641377916806,0.0,0.0,
108,0.215448095706793,92.40985576923077,0.4293952436447144,87.75,60.39940894689315,2051.496350410657,2123,2128,33.81792103563461,0.0,0.0,
109,0.2150845812108272,92.36979166666667,0.448052640247345,87.12,61.05341760684282,2051.580199569311,2123,2128,34.638885701572235,0.0,0.0,87.14
110,0.2129114640255769,92.4198717948718,0.4497823027610779,87.06,61.40319226582845,2051.57498434996,2123,2128,35.47978012552215,0.0,0.0,
111,0.2078390097197814,92.73036858974359,0.5817058087348937,84.34,59.89286211453951,2051.30830078125,2122,2128,36.34108812277006,0.0,0.0,
112,0.20893678116874817,92.5360576923077,0.4848146750450134,86.67,59.8149282797789,2050.714593349359,2121,2128,37.223305253713214,0.0,0.0,
113,0.20512232715502762,92.6963141025641,0.5016862595558167,85.95,59.83688939412435,2050.2458176832934,2120,2128,38.12693910898507,0.0,0.0,
114,0.20566921979188918,92.78846153846153,0.45671096363067626,87.29,59.915965310121194,2049.7591120793268,2119,2128,39.052509601501434,0.0,0.0,
115,0.19992719702422618,93.05288461538461,0.43303940477371217,87.93,59.747612782013725,2048.9916954627406,2118,2128,40.00054926559671,0.0,0.0,
116,0.19676862093500602,92.79847756410257,0.4249740071296692,87.76,59.815126448411206,2048.569987605168,2118,2128,40.97160356342152,0.0,0.0,
117,0.1967016118268172,92.95272435897436,0.4808846621513367,86.59,59.26007021390475,2048.5205290965546,2118,2128,41.966231198778814,0.0,0.0,
118,0.19529999314974517,93.0488782051282,0.5098414024353027,85.87,58.457464159452,2048.2092109875803,2118,2128,42.98500443857862,0.0,0.0,
119,0.19312853964093404,93.20713141025641,0.4503470929145813,87.51,58.8439760354849,2048.168822616186,2118,2128,44.02850944209613,0.0,0.0,87.54
120,0.1883535964939839,93.29727564102564,0.5032835029602051,86.32,58.84382568750626,2048.2417787209533,2118,2128,45.09734659822337,0.0,0.0,
121,0.18533094580738974,93.42347756410257,0.401890967464447,88.54,58.786892993633565,2048.084915552384,2118,2128,46.19213087090745,0.0,0.0,
122,0.18623455655880464,93.37339743589743,0.4376270767211914,87.75,58.166199297782704,2047.440183981871,2117,2128,47.31349215297509,0.0,0.0,
123,0.1856853569356295,93.49959935897436,0.4004285884857178,88.45,57.86240267631335,2047.0437321589543,2117,2128,48.46207562854656,0.0,0.0,
124,0.1782166539094387,93.77003205128206,0.44135468492507934,87.88,58.148835989145134,2046.6408037234576,2117,2128,49.638542144247225,0.0,0.0,
125,0.17511775826032344,93.75,0.434979216003418,87.86,58.12220547993978,2046.4922763922275,2117,2128,50.84356858943122,0.0,0.0,
126,0.17447565589577724,93.7119391025641,0.41183487453460693,88.51,58.06092810019469,2046.4797397711338,2117,2128,52.07784828563482,0.0,0.0,
127,0.1716457548336341,93.91225961538461,0.4048068497657776,88.56,58.06908794305264,2046.4889135116186,2117,2128,53.34209138548461,0.0,0.0,
128,0.17079413364139887,93.9042467948718,0.41418112688064573,88.53,59.38153570126264,2046.407050343049,2117,2128,54.6370252812896,0.0,0.0,
129,0.1727456062172468,93.81610576923077,0.40565944471359255,88.68,59.37988017155574,2046.4124615009014,2117,2128,55.96339502355183,0.0,0.0,87.89
130,0.16335588994507605,94.24278846153847,0.43271053886413574,88.32,59.31826524979029,2046.430481270032,2117,2128,57.321963749637476,0.0,0.0,
131,0.16341335252882577,94.12459935897436,0.41854274854660034,88.76,59.14612666399051,2046.364916366186,2117,2128,58.71351312285359,0.0,0.0,
132,0.16397878130276997,94.06650641025641,0.4381338975906372,88.15,59.145777560503056,2046.352729679988,2117,2128,60.13884378218473,0.0,0.0,
133,0.15994123679896197,94.2608173076923,0.44754951057434084,87.65,58.90169658171825,2046.3340795272436,2117,2128,61.59877580294655,0.0,0.0,
134,0.15782456973997447,94.31089743589743,0.43177328081130983,88.49,58.52274554325984,2046.2255067482972,2117,2128,63.09414916862285,0.0,0.0,
135,0.1571513150173884,94.39102564102564,0.4097120283126831,88.93,58.24602299225636,2045.7302806365185,2116,2128,64.62582425415688,0.0,0.0,
136,0.15890810426611165,94.32091346153847,0.4089326959609985,88.93,58.61223382216234,2045.287978891226,2116,2128,66.19468232097452,0.0,0.0,
137,0.1527157757526789,94.5332532051282,0.4196183713912964,89.03,58.57152919280223,2045.2870308117988,2116,2128,67.80162602402554,0.0,0.0,
138,0.1475394799350164,94.73157051282051,0.4352592465400696,88.59,58.542278250669824,2045.3012861202924,2116,2128,69.44757993113262,0.0,0.0,
139,0.14576166894000311,94.75160256410257,0.41481552581787107,89.06,58.90904964544834,2045.3136684319911,2116,2128,71.13349105494959,0.0,0.0,88.21
140,0.14285341485952718,94.96594551282051,0.4083071533203125,89.19,58.956126169057995,2045.3309695512821,2116,2128,72.860329397832,0.0,0.0,
141,0.13986493221078164,94.97796474358974,0.41285180950164796,88.97,58.841663184532756,2045.3546208308294,2116,2128,74.62908850993618,0.0,0.0,
142,0.13841401300369166,95.04407051282051,0.439815340423584,88.73,58.588494628515,2045.3410932491988,2116,2128,76.44078606086575,0.0,0.0,
143,0.1401294156526908,94.97996794871794,0.42082066745758057,89.1,58.76411966177133,2045.3203547551082,2116,2128,78.2964644251964,0.0,0.0,
144,0.1404281127338226,94.88782051282051,0.43228621397018435,89.07,58.22739309653258,2045.252642978766,2116,2128,80.19719128221399,0.0,0.0,
145,0.13925502049044156,95.03205128205128,0.42219828481674193,89.18,56.97389448116987,2045.3387169471155,2116,2128,82.14406023021236,0.0,0.0,
146,0.1308369622924007,95.37860576923077,0.4288660243988037,88.65,56.97337684631348,2045.36980074369,2116,2128,84.13819141570417,0.0,0.0,
147,0.13193878933596306,95.3125,0.4197120471954346,88.96,56.843048076140576,2045.367099233774,2116,2128,86.1807321779055,0.0,0.0,
148,0.12921276485117583,95.33854166666667,0.46181901683807375,88.32,56.83519370250213,2045.2213817107372,2116,2128,88.27285770886714,0.0,0.0,
149,0.1259101463529544,95.45472756410257,0.40534180688858035,89.63,57.01414807637533,2045.1796468098958,2116,2128,90.41577172963028,0.0,0.0,89.63
150,0.12493695822090675,95.59294871794872,0.43101788702011107,89.21,57.061915950286085,2045.1721372946715,2116,2128,92.61070718279701,0.0,0.0,
151,0.12165145258395335,95.60897435897436,0.43192103481292726,88.75,56.96054919316219,2045.2131635616988,2116,2128,94.85892694191409,0.0,0.0,
152,0.1160344055447823,95.83533653846153,0.4384051950454712,88.88,56.83201080713517,2045.1998973357372,2116,2128,97.1617245380765,0.0,0.0,
153,0.11905224793232404,95.73317307692308,0.42796147994995115,89.33,57.153339053422975,2045.194514034956,2116,2128,99.52042490417163,0.0,0.0,
154,0.11878988023560781,95.81330128205128,0.42827797889709474,88.96,56.90256756513546,2045.1698702298677,2116,2128,101.93638513718935,0.0,0.0,
155,0.11443837676674892,95.95953525641026,0.40610871000289916,89.67,56.9415833791097,2045.1611246744792,2116,2128,104.41099527903867,0.0,0.0,
156,0.11328770066492068,95.95753205128206,0.413877400970459,89.44,56.86418984241975,2045.055211776342,2115,2128,106.94567911631982,0.0,0.0,
157,0.11136853334326775,96.02964743589743,0.41676210021972654,89.59,56.74107443002554,2044.2150822566107,2115,2128,109.54189499951046,0.0,0.0,
158,0.10794973942713859,96.21995192307692,0.4070116749763489,89.68,56.96636691949306,2044.2191803761018,2115,2128,112.20113668203994,0.0,0.0,
159,0.10626130562562208,96.171875,0.42075041885375974,89.38,56.96400308853541,2044.2186298076922,2115,2128,114.9249341797315,0.0,0.0,89.19
160,0.10189453726395582,96.34815705128206,0.4364560995101929,89.07,56.84689563849034,2044.2164369240786,2115,2128,117.71485465110973,0.0,0.0,
161,0.10309629797553405,96.39022435897436,0.43443130836486815,89.37,57.01057908473871,2044.2178770407652,2115,2128,120.57250329907707,0.0,0.0,
162,0.10328272584443673,96.26802884615384,0.41930714836120603,89.43,57.0064331641564,2044.2211889022435,2115,2128,123.49952429448024,0.0,0.0,
163,0.09818953872682193,96.50641025641026,0.41479695434570313,89.82,56.869819582425635,2044.219871481871,2115,2128,126.49760172209743,0.0,0.0,
164,0.10054799910539236,96.4823717948718,0.41609050559997557,89.64,56.75835420657427,2044.2199512970753,2115,2128,129.56846054958902,0.0,0.0,
165,0.09818703419505022,96.50641025641026,0.4478975835800171,89.12,56.70672698387733,2044.2195556640625,2115,2128,132.7138676199723,0.0,0.0,
166,0.09586249341567357,96.5625,0.4292771854400635,89.64,56.716536869146886,2044.219589468149,2115,2128,135.93563266818794,0.0,0.0,
167,0.09631836833193516,96.57451923076923,0.421060666847229,89.78,56.932474752572865,2044.218641075721,2115,2128,139.2356093623456,0.0,0.0,
168,0.09180072374068773,96.70873397435898,0.41968824272155764,89.86,57.00440519283979,2044.218810096154,2115,2128,142.61569637024695,0.0,0.0,
169,0.0920549069173061,96.71073717948718,0.47230753784179685,89.02,57.00800229586088,2044.2200830704126,2115,2128,146.07783845179858,0.0,0.0,88.8
170,0.09098732805309387,96.7988782051282,0.43078719005584715,89.4,57.03812902401655,2044.219970703125,2115,2128,149.62402757794587,0.0,0.0,
171,0.08938175309449434,96.76682692307692,0.4210511167526245,89.73,56.92944474831606,2044.2199747721354,2115,2128,153.25630407676846,0.0,0.0,
172,0.08716971701345383,96.85496794871794,0.4341720260620117,89.74,56.967681865203076,2044.219970703125,2115,2128,156.97675780739968,0.0,0.0,
173,0.0911548250187666,96.67467948717949,0.44754534683227537,89.29,56.92097737238957,2044.2200395633013,2115,2128,160.78752936244388,0.0,0.0,
174,0.08479723487622463,97.02323717948718,0.4361586225509644,89.71,56.84611666752742,2044.220268366887,2115,2128,164.69081129958252,0.0,0.0,
175,0.08584828299398606,96.92107371794872,0.4378556283950806,89.6,56.84307919037648,2044.225160569411,2115,2128,168.68884940308078,0.0,0.0,
176,0.08483019893845686,96.94310897435898,0.4258730112075806,89.71,56.85511758266351,2044.2263978615786,2115,2128,172.78394397591612,0.0,0.0,
177,0.08359611515815442,96.96113782051282,0.4229803092956543,89.9,56.865869013468426,2044.2266103891227,2115,2128,176.97845116327716,0.0,0.0,
178,0.08281569682921354,97.01522435897436,0.4325753829956055,89.61,56.85089241419083,2044.2265625,2115,2128,181.27478430818942,0.0,0.0,
179,0.08465192716282148,96.97115384615384,0.43336803665161133,89.77,56.84007990910457,2044.2265625,2115,2128,185.67541534005184,0.0,0.0,89.85
180,0.08258632021741225,97.09735576923077,0.4235011714935303,89.81,56.69592772263747,2044.2265625,2115,2128,190.18287619688152,0.0,0.0,
181,0.08376459026565919,97.0693108974359,0.409042737197876,90.1,56.64195272983649,2044.2265099158653,2115,2128,194.7997602820832,0.0,0.0,
182,0.08047719046664543,97.11738782051282,0.4145655809402466,89.89,56.602929834219125,2044.2264016175882,2115,2128,199.52872395658602,0.0,0.0,
183,0.07957026719187314,97.18149038461539,0.4366816728591919,89.63,56.60449863336025,2044.226318359375,2115,2128,204.3724880671998,0.0,0.0,
184,0.08025255565268871,97.2275641025641,0.43065742321014405,89.81,56.64524614383013,2044.226318359375,2115,2128,209.33383951207838,0.0,0.0,
185,0.08180988350739846,97.1073717948718,0.42584104385375976,89.85,56.70488789876302,2044.226318359375,2115,2128,214.41563284418135,0.0,0.0,
186,0.07972132926568007,97.07532051282051,0.423838925743103,89.86,56.66107225662623,2044.226634803185,2115,2128,219.62079191366553,0.0,0.0,
187,0.08095821934059644,97.20753205128206,0.42338936367034913,89.93,56.69510355240259,2044.226806640625,2115,2128,224.9523115501438,0.0,0.0,
188,0.07951819576227512,97.2295673076923,0.42756962547302246,89.89,56.65591791593111,2044.226806640625,2115,2128,230.4132592857857,0.0,0.0,
189,0.07900064147722263,97.21754807692308,0.4228915306091309,90.06,56.69785840939253,2044.226806640625,2115,2128,236.00677712024506,0.0,0.0,89.95
190,0.07876580986552513,97.21955128205128,0.4383294704437256,89.67,56.678015635563774,2044.226806640625,2115,2128,241.73608332843492,0.0,0.0,
191,0.07641771741402455,97.3798076923077,0.4405060235977173,89.9,56.642820025713014,2044.226806640625,2115,2128,247.6044743121884,0.0,0.0,
192,0.07600749712914992,97.23758012820512,0.4349067386627197,89.9,56.62862022595528,2044.226806640625,2115,2128,253.61532649686794,0.0,0.0,
193,0.0767694972598782,97.31971153846153,0.4502185552597046,89.59,56.66664642920861,2044.226806640625,2115,2128,259.7720982740205,0.0,0.0,
194,0.07729727497849709,97.2636217948718,0.43533704223632813,89.8,56.61536555167956,2044.226806640625,2115,2128,266.0783319911888,0.0,0.0,
195,0.07524947529563154,97.37580128205128,0.42688814640045164,89.9,56.62644022428072,2044.226806640625,2115,2128,272.5376559900298,0.0,0.0,
196,0.0773601337455404,97.25360576923077,0.44897044048309326,89.46,56.65335475236942,2044.226806640625,2115,2128,279.1537866939108,0.0,0.0,
197,0.07617832154799731,97.33373397435898,0.43820994300842286,89.84,56.69958428602952,2044.226806640625,2115,2128,285.9305307461812,0.0,0.0,
198,0.07557738766742822,97.36578525641026,0.42740824470520017,89.75,56.625464512751655,2044.226806640625,2115,2128,292.87178720035723,0.0,0.0,
199,0.0769815743017273,97.25560897435898,0.42582879867553713,89.86,56.67411873646272,2044.226806640625,2115,2128,299.9815497634713,0.0,0.0,89.92
